學年度,學期,學年期,選課代號,課程代碼,課程名稱,開課系所班級,授課教師,學分,必選修,上課時間地點,全英語授課,修課人數限制,已選人數,命中關鍵字,課程大綱連結
113,2,113-2,1897,HSS1003,提示語工程與AI數位創作,人社學院綜合班,曾智義,2.0,必修,(二)06-07 圖213_程式實作 曾智義,N,60.0,48.0,Prompt,https://coursesearch04.fcu.edu.tw/CourseOutline.aspx?lang=cht&courseid=11321897
113,2,113-2,1897,HSS1003,提示語工程與AI數位創作,外文一甲,曾智義,2.0,必修,(二)06-07 圖213_程式實作 曾智義,N,60.0,48.0,Prompt,https://coursesearch04.fcu.edu.tw/CourseOutline.aspx?lang=cht&courseid=11321897
113,2,113-2,1898,HSS1003,提示語工程與AI數位創作,人社學院綜合班,曾智義,2.0,必修,(四)06-07 圖212_資訊素養 曾智義,N,60.0,45.0,Prompt,https://coursesearch04.fcu.edu.tw/CourseOutline.aspx?lang=cht&courseid=11321898
113,2,113-2,1898,HSS1003,提示語工程與AI數位創作,外文一乙,曾智義,2.0,必修,(四)06-07 圖212_資訊素養 曾智義,N,60.0,45.0,Prompt,https://coursesearch04.fcu.edu.tw/CourseOutline.aspx?lang=cht&courseid=11321898
113,2,113-2,1899,HSS1003,提示語工程與AI數位創作,人社學院綜合班,曾智義,2.0,必修,(三)09-10 圖213_程式實作 曾智義,N,60.0,53.0,Prompt,https://coursesearch04.fcu.edu.tw/CourseOutline.aspx?lang=cht&courseid=11321899
113,2,113-2,1899,HSS1003,提示語工程與AI數位創作,中文一,曾智義,2.0,必修,(三)09-10 圖213_程式實作 曾智義,N,60.0,53.0,Prompt,https://coursesearch04.fcu.edu.tw/CourseOutline.aspx?lang=cht&courseid=11321899
113,2,113-2,3519,IINE3011,生成式AI應用：AI agent 開發與實作,創能學院綜合班,陳耀鐘,3.0,選修,(三)02-04 行政二館104-電腦實習室 陳耀鐘,N,60.0,32.0,生成式,https://coursesearch04.fcu.edu.tw/CourseOutline.aspx?lang=cht&courseid=11323519
113,2,113-2,3519,IINE3011,生成式AI應用：AI agent 開發與實作,人工智慧三學位學程,陳耀鐘,3.0,選修,(三)02-04 行政二館104-電腦實習室 陳耀鐘,N,60.0,32.0,生成式,https://coursesearch04.fcu.edu.tw/CourseOutline.aspx?lang=cht&courseid=11323519
113,2,113-2,3537,HSS2605,創意設計與生成式AI輔助,文學與文化創意學分學程,曾智義,3.0,選修,(二)02-04 行205 曾智義,N,45.0,25.0,生成式,https://coursesearch04.fcu.edu.tw/CourseOutline.aspx?lang=cht&courseid=11323537
113,2,113-2,3616,IINE5003,生成式人工智慧的人文導論,人工智慧自然語言技術學分學,曾智義,3.0,選修,(四)05     圖212_資訊素養 曾智義,N,60.0,5.0,生成式,https://coursesearch04.fcu.edu.tw/CourseOutline.aspx?lang=cht&courseid=11323616
113,2,113-2,3617,IINE5004,生成式AI：文字與圖像生成的原理與實務,人工智慧自然語言技術學分學,林哲維,3.0,選修,(二)09-11 資電504 林哲維,N,60.0,7.0,生成式,https://coursesearch04.fcu.edu.tw/CourseOutline.aspx?lang=cht&courseid=11323617
113,1,113-1,2029,HSS1002,人文與科技：生成式AI跨域應用,人社學院綜合班,曾智義,2.0,必修,(二)06-07 人707 曾智義,N,60.0,54.0,生成式,https://coursesearch04.fcu.edu.tw/CourseOutline.aspx?lang=cht&courseid=11312029
113,1,113-1,2029,HSS1002,人文與科技：生成式AI跨域應用,外文一甲,曾智義,2.0,必修,(二)06-07 人707 曾智義,N,60.0,54.0,生成式,https://coursesearch04.fcu.edu.tw/CourseOutline.aspx?lang=cht&courseid=11312029
113,1,113-1,2030,HSS1002,人文與科技：生成式AI跨域應用,人社學院綜合班,曾智義,2.0,必修,(四)06-07 人707 曾智義,N,60.0,48.0,生成式,https://coursesearch04.fcu.edu.tw/CourseOutline.aspx?lang=cht&courseid=11312030
113,1,113-1,2030,HSS1002,人文與科技：生成式AI跨域應用,外文一乙,曾智義,2.0,必修,(四)06-07 人707 曾智義,N,60.0,48.0,生成式,https://coursesearch04.fcu.edu.tw/CourseOutline.aspx?lang=cht&courseid=11312030
113,1,113-1,2031,HSS1002,人文與科技：生成式AI跨域應用,人社學院綜合班,曾智義,2.0,必修,(三)06-07 人707 曾智義,N,60.0,55.0,生成式,https://coursesearch04.fcu.edu.tw/CourseOutline.aspx?lang=cht&courseid=11312031
113,1,113-1,2031,HSS1002,人文與科技：生成式AI跨域應用,中文一,曾智義,2.0,必修,(三)06-07 人707 曾智義,N,60.0,55.0,生成式,https://coursesearch04.fcu.edu.tw/CourseOutline.aspx?lang=cht&courseid=11312031
113,1,113-1,3710,IND3437,生成式人工智慧輔助設計,建築專業學院綜合班,黃宣穆,2.0,選修,(二)06-07 忠712 黃宣穆,N,60.0,34.0,生成式,https://coursesearch04.fcu.edu.tw/CourseOutline.aspx?lang=cht&courseid=11313710
