學年期,選課代號,課程代碼,課程名稱,開課單位,授課教師,學分,修別,上課時間地點,全英語,限修人數,已選人數,檢索關鍵字,課程大綱連結,分類
113-2,0270,ITRA6079,跨境電商與人工智慧,國貿碩一,江成欣,3.0,選修,(一)06-08 商514 江成欣,Y,40.0,13.0,人工智慧,https://coursesearch04.fcu.edu.tw/CourseOutline.aspx?lang=cht&courseid=11320270,商管/人文/跨領域AI實務應用課程
113-2,0771,BUS2121,人工智慧概論,商學進修二學位學程甲班,張久大,3.0,選修,(四)11-13 紀207(電腦實習室) 張久大,N,67.0,70.0,人工智慧,https://coursesearch04.fcu.edu.tw/CourseOutline.aspx?lang=cht&courseid=11320771,商管/人文/跨領域AI實務應用課程
113-2,0771,BUS2121,人工智慧概論,商學進修二學位學程乙班,張久大,3.0,選修,(四)11-13 紀207(電腦實習室) 張久大,N,67.0,70.0,人工智慧,https://coursesearch04.fcu.edu.tw/CourseOutline.aspx?lang=cht&courseid=11320771,商管/人文/跨領域AI實務應用課程
113-2,0786,IINE1805,人工智慧導論,創能學院綜合班,卓侑學,2.0,選修,(五)06-07 圖213_程式實作 卓侑學,N,76.0,70.0,人工智慧,https://coursesearch04.fcu.edu.tw/CourseOutline.aspx?lang=cht&courseid=11320786,商管/人文/跨領域AI實務應用課程
113-2,0787,IINE2811,人工智慧實務案例分析,創能學院綜合班,賴璉錡,2.0,選修,(四)08-09 圖213_程式實作 賴璉錡,N,76.0,40.0,人工智慧,https://coursesearch04.fcu.edu.tw/CourseOutline.aspx?lang=cht&courseid=11320787,商管/人文/跨領域AI實務應用課程
113-2,1846,INSU3046,保險科技與人工智慧應用,金融學院綜合班,廖宜君,3.0,選修,(二)06-08 商611 廖宜君,N,40.0,40.0,人工智慧,https://coursesearch04.fcu.edu.tw/CourseOutline.aspx?lang=cht&courseid=11321846,商管/人文/跨領域AI實務應用課程
113-2,3522,IINE2824,人工智慧倫理與治理,創能學院綜合班,梁辰睿,3.0,選修,(一)02     資電402 (一)02     V020教室(共善樓) (一)03     資電402 (一)03     V020教室(共善樓) (一)04     資電402 (一)04     V020教室(共善樓) 梁辰睿,N,70.0,23.0,人工智慧,https://coursesearch04.fcu.edu.tw/CourseOutline.aspx?lang=cht&courseid=11323522,商管/人文/跨領域AI實務應用課程
113-2,3613,IINE2004,人工智慧倫理,人工智慧工業應用學分學程,"徐宏寬,梁辰睿",3.0,選修,"(三)08-10 行213 徐宏寬,梁辰睿",N,45.0,3.0,人工智慧,https://coursesearch04.fcu.edu.tw/CourseOutline.aspx?lang=cht&courseid=11323613,商管/人文/跨領域AI實務應用課程
113-2,3613,IINE2004,人工智慧倫理,人工智慧自然語言技術學分學,"徐宏寬,梁辰睿",3.0,選修,"(三)08-10 行213 徐宏寬,梁辰睿",N,45.0,3.0,人工智慧,https://coursesearch04.fcu.edu.tw/CourseOutline.aspx?lang=cht&courseid=11323613,商管/人文/跨領域AI實務應用課程
113-2,3613,IINE2004,人工智慧倫理,人工智慧視覺技術學分學程,"徐宏寬,梁辰睿",3.0,選修,"(三)08-10 行213 徐宏寬,梁辰睿",N,45.0,3.0,人工智慧,https://coursesearch04.fcu.edu.tw/CourseOutline.aspx?lang=cht&courseid=11323613,商管/人文/跨領域AI實務應用課程
113-1,0283,ITRA3094,人工智慧與國際經營管理,國貿三合,江成欣,3.0,選修,(一)06-08 商204 江成欣,N,70.0,37.0,人工智慧,https://coursesearch04.fcu.edu.tw/CourseOutline.aspx?lang=cht&courseid=11310283,商管/人文/跨領域AI實務應用課程
113-1,0891,IINE1805,人工智慧導論,創能學院綜合班,卓侑學,2.0,選修,(五)03-04 圖213_程式實作 卓侑學,N,76.0,63.0,人工智慧,https://coursesearch04.fcu.edu.tw/CourseOutline.aspx?lang=cht&courseid=11310891,商管/人文/跨領域AI實務應用課程
113-1,0892,IINE2811,人工智慧實務案例分析,創能學院綜合班,賴璉錡,2.0,選修,(五)01-02 圖213_程式實作 賴璉錡,N,76.0,40.0,人工智慧,https://coursesearch04.fcu.edu.tw/CourseOutline.aspx?lang=cht&courseid=11310892,商管/人文/跨領域AI實務應用課程
113-1,1167,ARCH6441,建築規劃人工智慧演算法應用,建築碩一學位學程,"顏貽祥,吳保寬",3.0,選修,"(二)07-09 忠106 顏貽祥,吳保寬",N,30.0,8.0,人工智慧,https://coursesearch04.fcu.edu.tw/CourseOutline.aspx?lang=cht&courseid=11311167,商管/人文/跨領域AI實務應用課程
113-1,3615,TLOG3108,資料分析初探與人工智慧之應用,AI智慧城市與生活學分學程,洪百賢,3.0,選修,(三)02-04 行208(電腦實習室) 洪百賢,N,40.0,32.0,人工智慧,https://coursesearch04.fcu.edu.tw/CourseOutline.aspx?lang=cht&courseid=11313615,商管/人文/跨領域AI實務應用課程
112-2,0277,ITRA6079,跨境電商與人工智慧,國貿碩一,江成欣,3.0,選修,(一)06-08 商702 江成欣,Y,40.0,10.0,人工智慧,https://coursesearch04.fcu.edu.tw/CourseOutline.aspx?lang=cht&courseid=11220277,商管/人文/跨領域AI實務應用課程
112-2,0774,BUS2121,人工智慧概論,商學進修二學位學程甲班,張久大,3.0,必修,(二)11-13 商301(電腦實習室) 張久大,N,60.0,47.0,人工智慧,https://coursesearch04.fcu.edu.tw/CourseOutline.aspx?lang=cht&courseid=11220774,商管/人文/跨領域AI實務應用課程
112-2,0779,BUS2121,人工智慧概論,商學進修二學位學程乙班,張久大,3.0,必修,(四)11-13 行政二館105-電腦實習室 張久大,N,60.0,47.0,人工智慧,https://coursesearch04.fcu.edu.tw/CourseOutline.aspx?lang=cht&courseid=11220779,商管/人文/跨領域AI實務應用課程
112-2,0802,IINE1805,人工智慧導論,創能學院綜合班,魏旻柔,2.0,選修,(四)11     圖212_資訊素養 (四)11     圖213_程式實作 (四)12     圖212_資訊素養 (四)12     圖213_程式實作 魏旻柔,N,116.0,111.0,人工智慧,https://coursesearch04.fcu.edu.tw/CourseOutline.aspx?lang=cht&courseid=11220802,商管/人文/跨領域AI實務應用課程
112-2,0803,IINE2811,人工智慧實務案例分析,創能學院綜合班,賴璉錡,2.0,選修,(二)06-07 圖213_程式實作 賴璉錡,N,76.0,23.0,人工智慧,https://coursesearch04.fcu.edu.tw/CourseOutline.aspx?lang=cht&courseid=11220803,商管/人文/跨領域AI實務應用課程
112-2,1868,INSU3046,保險科技與人工智慧應用,金融學院綜合班,廖宜君,3.0,選修,(二)06-08 商611 廖宜君,N,40.0,30.0,人工智慧,https://coursesearch04.fcu.edu.tw/CourseOutline.aspx?lang=cht&courseid=11221868,商管/人文/跨領域AI實務應用課程
112-2,3477,GENS1502,人文與科技：人工智慧,核心必修綜合班,洪耀正,1.0,必修,(四)00       洪耀正,N,200.0,160.0,人工智慧,https://coursesearch04.fcu.edu.tw/CourseOutline.aspx?lang=cht&courseid=11223477,商管/人文/跨領域AI實務應用課程
112-1,0245,ITRA394,人工智慧與國際經營管理,國貿三甲,江成欣,3.0,選修,(一)06-08 商203 江成欣,N,65.0,64.0,人工智慧,https://coursesearch04.fcu.edu.tw/CourseOutline.aspx?lang=cht&courseid=11210245,商管/人文/跨領域AI實務應用課程
112-1,0245,ITRA394,人工智慧與國際經營管理,國貿三乙,江成欣,3.0,選修,(一)06-08 商203 江成欣,N,65.0,64.0,人工智慧,https://coursesearch04.fcu.edu.tw/CourseOutline.aspx?lang=cht&courseid=11210245,商管/人文/跨領域AI實務應用課程
112-1,0245,ITRA394,人工智慧與國際經營管理,國貿三丙,江成欣,3.0,選修,(一)06-08 商203 江成欣,N,65.0,64.0,人工智慧,https://coursesearch04.fcu.edu.tw/CourseOutline.aspx?lang=cht&courseid=11210245,商管/人文/跨領域AI實務應用課程
112-1,0868,IINE1805,人工智慧導論,創能學院綜合班,魏旻柔,2.0,選修,(一)11-12 圖213_程式實作 魏旻柔,N,76.0,76.0,人工智慧,https://coursesearch04.fcu.edu.tw/CourseOutline.aspx?lang=cht&courseid=11210868,商管/人文/跨領域AI實務應用課程
112-1,0870,IINE2811,人工智慧實務案例分析,創能學院綜合班,賴璉錡,2.0,選修,(一)09-10 圖212_資訊素養 賴璉錡,N,50.0,15.0,人工智慧,https://coursesearch04.fcu.edu.tw/CourseOutline.aspx?lang=cht&courseid=11210870,商管/人文/跨領域AI實務應用課程
112-1,1153,ARCH6441,建築規劃人工智慧演算法應用,建築碩一學位學程,"顏貽祥,吳保寬",3.0,選修,"(二)07-09 行211 顏貽祥,吳保寬",N,30.0,9.0,人工智慧,https://coursesearch04.fcu.edu.tw/CourseOutline.aspx?lang=cht&courseid=11211153,商管/人文/跨領域AI實務應用課程
112-1,1607,ELEN439,人工智慧視覺加速器設計,電子三甲,陳冠宏,3.0,選修,(二)06-08 電通303 陳冠宏,N,30.0,18.0,人工智慧,https://coursesearch04.fcu.edu.tw/CourseOutline.aspx?lang=cht&courseid=11211607,商管/人文/跨領域AI實務應用課程
112-1,1607,ELEN439,人工智慧視覺加速器設計,電子三乙,陳冠宏,3.0,選修,(二)06-08 電通303 陳冠宏,N,30.0,18.0,人工智慧,https://coursesearch04.fcu.edu.tw/CourseOutline.aspx?lang=cht&courseid=11211607,商管/人文/跨領域AI實務應用課程
112-1,1607,ELEN439,人工智慧視覺加速器設計,電子三丙,陳冠宏,3.0,選修,(二)06-08 電通303 陳冠宏,N,30.0,18.0,人工智慧,https://coursesearch04.fcu.edu.tw/CourseOutline.aspx?lang=cht&courseid=11211607,商管/人文/跨領域AI實務應用課程
113-2,1897,HSS1003,提示語工程與AI數位創作,人社學院綜合班,曾智義,2.0,必修,(二)06-07 圖213_程式實作 曾智義,N,60.0,48.0,Prompt,https://coursesearch04.fcu.edu.tw/CourseOutline.aspx?lang=cht&courseid=11321897,生成式AI與提示語核心專門課程
113-2,1897,HSS1003,提示語工程與AI數位創作,外文一甲,曾智義,2.0,必修,(二)06-07 圖213_程式實作 曾智義,N,60.0,48.0,Prompt,https://coursesearch04.fcu.edu.tw/CourseOutline.aspx?lang=cht&courseid=11321897,生成式AI與提示語核心專門課程
113-2,1898,HSS1003,提示語工程與AI數位創作,人社學院綜合班,曾智義,2.0,必修,(四)06-07 圖212_資訊素養 曾智義,N,60.0,45.0,Prompt,https://coursesearch04.fcu.edu.tw/CourseOutline.aspx?lang=cht&courseid=11321898,生成式AI與提示語核心專門課程
113-2,1898,HSS1003,提示語工程與AI數位創作,外文一乙,曾智義,2.0,必修,(四)06-07 圖212_資訊素養 曾智義,N,60.0,45.0,Prompt,https://coursesearch04.fcu.edu.tw/CourseOutline.aspx?lang=cht&courseid=11321898,生成式AI與提示語核心專門課程
113-2,1899,HSS1003,提示語工程與AI數位創作,人社學院綜合班,曾智義,2.0,必修,(三)09-10 圖213_程式實作 曾智義,N,60.0,53.0,Prompt,https://coursesearch04.fcu.edu.tw/CourseOutline.aspx?lang=cht&courseid=11321899,生成式AI與提示語核心專門課程
113-2,1899,HSS1003,提示語工程與AI數位創作,中文一,曾智義,2.0,必修,(三)09-10 圖213_程式實作 曾智義,N,60.0,53.0,Prompt,https://coursesearch04.fcu.edu.tw/CourseOutline.aspx?lang=cht&courseid=11321899,生成式AI與提示語核心專門課程
113-2,3519,IINE3011,生成式AI應用：AI agent 開發與實作,創能學院綜合班,陳耀鐘,3.0,選修,(三)02-04 行政二館104-電腦實習室 陳耀鐘,N,60.0,32.0,生成式,https://coursesearch04.fcu.edu.tw/CourseOutline.aspx?lang=cht&courseid=11323519,生成式AI與提示語核心專門課程
113-2,3519,IINE3011,生成式AI應用：AI agent 開發與實作,人工智慧三學位學程,陳耀鐘,3.0,選修,(三)02-04 行政二館104-電腦實習室 陳耀鐘,N,60.0,32.0,生成式,https://coursesearch04.fcu.edu.tw/CourseOutline.aspx?lang=cht&courseid=11323519,生成式AI與提示語核心專門課程
113-2,3537,HSS2605,創意設計與生成式AI輔助,文學與文化創意學分學程,曾智義,3.0,選修,(二)02-04 行205 曾智義,N,45.0,25.0,生成式,https://coursesearch04.fcu.edu.tw/CourseOutline.aspx?lang=cht&courseid=11323537,生成式AI與提示語核心專門課程
113-2,3616,IINE5003,生成式人工智慧的人文導論,人工智慧自然語言技術學分學,曾智義,3.0,選修,(四)05     圖212_資訊素養 曾智義,N,60.0,5.0,生成式,https://coursesearch04.fcu.edu.tw/CourseOutline.aspx?lang=cht&courseid=11323616,生成式AI與提示語核心專門課程
113-2,3617,IINE5004,生成式AI：文字與圖像生成的原理與實務,人工智慧自然語言技術學分學,林哲維,3.0,選修,(二)09-11 資電504 林哲維,N,60.0,7.0,生成式,https://coursesearch04.fcu.edu.tw/CourseOutline.aspx?lang=cht&courseid=11323617,生成式AI與提示語核心專門課程
113-1,3710,IND3437,生成式人工智慧輔助設計,建築專業學院綜合班,黃宣穆,2.0,選修,(二)06-07 忠712 黃宣穆,N,60.0,34.0,人工智慧,https://coursesearch04.fcu.edu.tw/CourseOutline.aspx?lang=cht&courseid=11313710,生成式AI與提示語核心專門課程
