序號,學年度,准考證號,考生姓名,原系錄取別,最終分發學校,最終分發系所,分發去向分類,錄取身份
1,113,61091265,陳*瑄,正取,國立臺北商業大學,國立臺北商業大學國際商務系(臺北校區),其他學校,正取
2,113,65090431,錢*君,正取,國立高雄科技大學,國立高雄科技大學國際企業系,其他學校,正取
3,113,64090494,陳*儀,正取,國立臺中科技大學,國立臺中科技大學國際貿易與經營系,原系留任,正取
4,113,66090093,邱*态,正取,國立臺中科技大學,國立臺中科技大學國際貿易與經營系,原系留任,正取
5,113,61091157,陳*筑,正取,國立臺中教育大學,國立臺中教育大學國際企業學系,其他學校,備取1
6,113,66090130,李*萱,正取,國立高雄科技大學,國立高雄科技大學行銷與流通管理系,其他學校,正取
7,113,61091500,劉*岑,正取,國立臺中科技大學,國立臺中科技大學國際貿易與經營系,原系留任,正取
8,113,57090881,*媛,正取,中原大學,中原大學國際經營與貿易學系,其他學校,正取
9,113,67090259,黃*珊,正取,國立臺中科技大學,國立臺中科技大學國際貿易與經營系,原系留任,正取
10,113,61091591,陳*臻,正取,國立臺中科技大學,國立臺中科技大學國際貿易與經營系,原系留任,正取
11,113,52090453,張*妍,正取,國立臺中科技大學,國立臺中科技大學國際貿易與經營系,原系留任,正取
12,113,64090559,陳*宜,正取,國立臺中科技大學,國立臺中科技大學國際貿易與經營系,原系留任,正取
13,113,57090023,吳*,正取,國立臺中科技大學,國立臺中科技大學國際貿易與經營系,原系留任,正取
14,113,55090339,吳*翰,正取,國立臺北商業大學,國立臺北商業大學國際商務系(臺北校區),其他學校,備取6
15,113,64090475,粘*瑄,正取,國立臺中科技大學,國立臺中科技大學國際貿易與經營系,原系留任,正取
16,113,61091583,鍾*,正取,國立臺中科技大學,國立臺中科技大學國際貿易與經營系,原系留任,正取
17,113,64090096,尤*筠,正取,國立臺中科技大學,國立臺中科技大學國際貿易與經營系,原系留任,正取
18,113,65090325,李*瑜,正取,國立臺中科技大學,國立臺中科技大學國際貿易與經營系,原系留任,正取
19,113,66090089,林*慈,正取,國立高雄科技大學,國立高雄科技大學國際企業系,其他學校,正取
20,113,61091227,李*穎,正取,國立臺中科技大學,國立臺中科技大學國際貿易與經營系,原系留任,正取
21,113,64090491,沈*暄,正取,國立雲林科技大學,國立雲林科技大學工業工程與管理系,其他學校,備取2
22,113,61091725,陳*伃,正取,國立高雄科技大學,國立高雄科技大學航運管理系,其他學校,正取
23,113,56090518,劉*言,正取,國立虎尾科技大學,國立虎尾科技大學財務金融系,其他學校,正取
24,113,61090535,藍*鈺,正取,國立臺中科技大學,國立臺中科技大學國際貿易與經營系,原系留任,正取
25,113,61090055,許*茜,正取,逢甲大學,逢甲大學國際經營與貿易學系,其他學校,正取
26,113,70090805,蕭*蓁,正取,國立高雄科技大學,國立高雄科技大學航運管理系,其他學校,正取
27,113,61091790,彭*熏,正取,國立臺中科技大學,國立臺中科技大學國際貿易與經營系,原系留任,正取
28,113,61530114,許*茜,正取,國立臺中科技大學,國立臺中科技大學國際貿易與經營系,原系留任,正取
29,113,66090249,許*綾,正取,國立高雄科技大學,國立高雄科技大學行銷與流通管理系,其他學校,正取
30,113,54090333,陳*涵,正取,國立臺中科技大學,國立臺中科技大學國際貿易與經營系,原系留任,正取
31,113,58090373,劉*仰,正取,國立臺北護理健康大學,國立臺北護理健康大學資訊管理系,其他學校,正取
32,113,59090257,戴*玲,正取,國立臺中科技大學,國立臺中科技大學國際貿易與經營系,原系留任,正取
33,113,61090032,馬*,正取,國立臺中科技大學,國立臺中科技大學國際貿易與經營系,原系留任,正取
34,113,64090507,楊*雅,正取,逢甲大學,逢甲大學國際經營與貿易學系,其他學校,正取
35,113,64090060,張*庭,正取,國立臺中科技大學,國立臺中科技大學國際貿易與經營系,原系留任,正取
36,113,64090082,陳*妤,正取,國立臺中科技大學,國立臺中科技大學國際貿易與經營系,原系留任,正取
37,113,65090142,楊*晴,正取,國立臺中科技大學,國立臺中科技大學國際貿易與經營系,原系留任,正取
38,113,52090802,陳*态,正取,國立臺北護理健康大學,國立臺北護理健康大學健康事業管理系,其他學校,正取
39,113,65090429,陳*妤,正取,國立臺中科技大學,國立臺中科技大學國際貿易與經營系,原系留任,正取
40,113,65090425,蕭*宴,正取,國立臺中科技大學,國立臺中科技大學國際貿易與經營系,原系留任,正取
41,113,69530005,,正取,國立臺中科技大學,國立臺中科技大學國際貿易與經營系,原系留任,正取
42,113,61090612,傅*态,正取,國立臺中科技大學,國立臺中科技大學國際貿易與經營系,原系留任,正取
43,113,61090672,柯*璇,正取,國立臺中科技大學,國立臺中科技大學國際貿易與經營系,原系留任,正取
44,113,61091143,陳*涵,正取,國立高雄科技大學,國立高雄科技大學行銷與流通管理系,其他學校,正取
45,113,58090033,劉*言,正取,國立高雄科技大學,國立高雄科技大學航運管理系,其他學校,正取
46,113,65090226,李*庭,正取,國立臺中科技大學,國立臺中科技大學國際貿易與經營系,原系留任,正取
47,113,64090483,賴*郁,正取,國立臺中科技大學,國立臺中科技大學國際貿易與經營系,原系留任,正取
48,113,61090092,洪*芫,正取,國立臺中科技大學,國立臺中科技大學國際貿易與經營系,原系留任,正取
49,113,61090689,林*筠,正取,國立臺中科技大學,國立臺中科技大學國際貿易與經營系,原系留任,正取
50,113,61090667,簡*靜,正取,國立臺中科技大學,國立臺中科技大學國際貿易與經營系,原系留任,正取
51,113,57090533,梁*樂,正取,國立臺中科技大學,國立臺中科技大學國際貿易與經營系,原系留任,正取
52,113,74090094,何*蕎,正取,國立臺中科技大學,國立臺中科技大學國際貿易與經營系,原系留任,正取
53,113,75090093,楊*揚,正取,國立臺中科技大學,國立臺中科技大學國際貿易與經營系,原系留任,正取
54,113,75090049,陳*儒,正取,國立臺中科技大學,國立臺中科技大學國際貿易與經營系,原系留任,正取
55,113,57090521,衛*諠,正取,國立臺中科技大學,國立臺中科技大學國際貿易與經營系,原系留任,正取
56,113,68090689,林*,備取1,國立臺中科技大學,國立臺中科技大學國際貿易與經營系,原系留任,備取1
57,113,71090258,楊*蓁,備取2,國立高雄科技大學,國立高雄科技大學運籌管理系,其他學校,正取
58,113,64090515,黃*穎,備取3,國立高雄科技大學,國立高雄科技大學運籌管理系,其他學校,正取
59,113,55090125,李*侑,備取4,—,—,未顯示分發,
60,113,61090312,黃*,備取5,國立高雄科技大學,國立高雄科技大學航運管理系,其他學校,備取5
61,113,57090943,莊*菱,備取6,中原大學,中原大學會計學系,其他學校,正取
62,113,57090055,吳*瑋,備取7,國立臺北護理健康大學,國立臺北護理健康大學健康事業管理系,其他學校,正取
63,113,55090077,陳*心,備取8,國立臺中科技大學,國立臺中科技大學國際貿易與經營系,原系留任,備取8
64,113,70090565,柴*倩,備取9,國立高雄科技大學,國立高雄科技大學金融資訊系,其他學校,備取1
65,113,64090403,*伶,備取10,國立臺中科技大學,國立臺中科技大學國際貿易與經營系,原系留任,備取10
66,113,65090095,黃*筑,備取11,國立臺中科技大學,國立臺中科技大學國際貿易與經營系,原系留任,備取11
67,113,57090621,許*瑜,備取12,中原大學,中原大學國際經營與貿易學系,其他學校,備取4
68,113,66090237,孫*涵,備取13,國立高雄科技大學,國立高雄科技大學航運管理系,其他學校,正取
69,113,56090205,吳*涵,備取14,國立臺中科技大學,國立臺中科技大學國際貿易與經營系,原系留任,備取14
70,113,70090285,鄭*易,備取15,國立臺中科技大學,國立臺中科技大學國際貿易與經營系,原系留任,備取15
71,113,58090081,吳*态,備取16,國立臺中科技大學,國立臺中科技大學國際貿易與經營系,原系留任,備取16
72,113,56090046,鄭*涵,備取17,國立臺中科技大學,國立臺中科技大學國際貿易與經營系,原系留任,備取17
73,113,57090995,謝*慧,備取18,國立臺中科技大學,國立臺中科技大學國際貿易與經營系,原系留任,備取18
74,113,59090443,*祺褀,備取19,逢甲大學,逢甲大學國際經營與貿易學系,其他學校,備取5
75,113,57090037,黃*睿,備取20,國立臺中科技大學,國立臺中科技大學國際貿易與經營系,原系留任,備取20
76,113,61091555,劉*得,備取21,國立臺中科技大學,國立臺中科技大學國際貿易與經營系,原系留任,備取21
77,113,64090319,潘*安,備取22,國立雲林科技大學,國立雲林科技大學文化資產維護系,其他學校,備取1
78,113,56090342,邱*涵,備取23,國立臺北護理健康大學,國立臺北護理健康大學健康事業管理系,其他學校,正取
79,113,70090473,楊*婕,備取24,國立臺中科技大學,國立臺中科技大學國際貿易與經營系,原系留任,備取24
80,113,74090189,林*丞,備取25,國立臺中科技大學,國立臺中科技大學國際貿易與經營系,原系留任,備取25
81,113,62090106,洪*馨,備取26,國立臺中科技大學,國立臺中科技大學國際貿易與經營系,原系留任,備取26
82,113,68090086,魏*綺,備取27,國立高雄科技大學,國立高雄科技大學行銷與流通管理系,其他學校,備取27
83,113,65090031,吳*丞,備取28,國立臺中科技大學,國立臺中科技大學國際貿易與經營系,原系留任,備取28
84,113,65090345,*睿,備取29,國立臺中科技大學,國立臺中科技大學國際貿易與經營系,原系留任,備取29
85,113,58090313,胡*銓,備取30,國立臺中科技大學,國立臺中科技大學國際貿易與經營系,原系留任,備取30
86,113,57091073,劉*丞,備取31,國立臺中科技大學,國立臺中科技大學國際貿易與經營系,原系留任,備取31
87,113,55090113,*綸,備取32,國立高雄科技大學,國立高雄科技大學金融資訊系,其他學校,備取4
88,113,70090245,吳*萱,備取33,—,—,未顯示分發,
89,113,51090020,黃*霆,備取34,國立高雄科技大學,國立高雄科技大學行銷與流通管理系,其他學校,備取28
90,113,68090189,施*育,備取35,國立高雄科技大學,國立高雄科技大學人力資源發展系,其他學校,備取14
91,113,57090937,鍾*庭,備取36,國立臺北商業大學,國立臺北商業大學數位多媒體設計系(桃園校區),其他學校,備取6
92,113,58090141,𨭐*真,備取37,國立高雄科技大學,國立高雄科技大學智慧商務系,其他學校,備取10
93,113,55090093,李*婷,備取38,銘傳大學,銘傳大學國際企業學系(台北校區),其他學校,正取
94,113,68530007,李*,備取39,—,—,未顯示分發,
95,113,61090525,*臻,備取40,—,—,未顯示分發,
96,113,57090035,林*盲,備取41,—,—,未顯示分發,
97,113,61090100,陳*,備取42,國立勤益科技大學,國立勤益科技大學流通管理系,其他學校,備取27
98,113,58090269,廖*閔,備取43,國立高雄科技大學,國立高雄科技大學行銷與流通管理系,其他學校,備取38
99,113,57090514,鄒*庭,備取44,國立勤益科技大學,國立勤益科技大學健康產業科技研發與管理系,其他學校,正取
100,113,71090318,陳*美,備取45,—,—,未顯示分發,
101,113,52090878,吳*璇,備取46,銘傳大學,銘傳大學企業管理學系(台北校區),其他學校,備取26
102,113,68090257,施*,備取2,國立高雄科技大學,國立高雄科技大學供應鏈管理系,其他學校,備取5
103,113,56090296,林*,備取3,國立澎湖科技大學,國立澎湖科技大學行銷與物流管理系,其他學校,正取
104,113,68090333,*期,備取4,—,—,未顯示分發,
105,113,52090226,陳*伶,,中原大學,中原大學國際經營與貿易學系,其他學校,正取
106,113,56530019,詹*睿,,—,—,未顯示分發,
107,113,57090525,鄭*彤,,國立高雄科技大學,國立高雄科技大學工業工程與管理系,其他學校,正取
108,113,57090618,劉*翎,,—,—,未顯示分發,
109,113,57090633,黎*君,,逢甲大學,逢甲大學會計學系,其他學校,備取5
110,113,57090705,范*希,,中原大學,中原大學會計學系,其他學校,正取
111,113,57090781,間*琦,,—,—,未顯示分發,
112,113,58090073,徐*,,—,—,未顯示分發,
113,113,58090089,賴*廷,,中原大學,中原大學國際經營與貿易學系,其他學校,正取
114,113,58090533,張*勻,,—,—,未顯示分發,
115,113,59090020,劉*婕,,—,—,未顯示分發,
116,113,59090049,陳*慈,,國立臺北商業大學,國立臺北商業大學國際商務系(臺北校區),其他學校,正取
117,113,59090050,温*博,,—,—,未顯示分發,
118,113,60090171,金*善,,—,—,未顯示分發,
119,113,61090054,吳*大,,國立臺北商業大學,國立臺北商業大學國際商務系(臺北校區),其他學校,備取10
120,113,61091263,吳*婷,,國立臺北商業大學,國立臺北商業大學國際商務系(臺北校區),其他學校,正取
121,113,61091415,吳*妤,,國立高雄科技大學,國立高雄科技大學國際企業系,其他學校,正取
122,113,61091463,林*頡,,國立高雄科技大學,國立高雄科技大學航運管理系,其他學校,備取7
123,113,61091495,景*慧,,—,—,未顯示分發,
124,113,61091551,黃*妤,,國立雲林科技大學,國立雲林科技大學國際管理學士學位學程,其他學校,正取
125,113,61091559,許*态,,逢甲大學,逢甲大學國際經營與貿易學系,其他學校,備取11
126,113,61091587,蘇*婷,,國立高雄科技大學,國立高雄科技大學金融系,其他學校,備取41
127,113,61091645,游*宇,,國立高雄科技大學,國立高雄科技大學航運管理系,其他學校,正取
128,113,61091677,魏*蓓,,國立高雄科技大學,國立高雄科技大學航運管理系,其他學校,正取
129,113,61091721,陳*嫻,,—,—,未顯示分發,
130,113,61091741,陳*樺,,—,—,未顯示分發,
131,113,62090086,蘇*方,,—,—,未顯示分發,
132,113,64090004,林*态,,國立高雄科技大學,國立高雄科技大學航運管理系,其他學校,備取1
133,113,64090108,*赫,,—,—,未顯示分發,
134,113,64090160,沈*茜,,逢甲大學,逢甲大學國際經營與貿易學系,其他學校,正取
135,113,64090203,詹*銘,,—,—,未顯示分發,
136,113,64090249,張*皓,,—,—,未顯示分發,
137,113,64090251,宋*琪,,—,—,未顯示分發,
138,113,64090343,李*瑄,,國立高雄科技大學,國立高雄科技大學航運管理系,其他學校,正取
139,113,64090387,林*妤,,國立高雄科技大學,國立高雄科技大學國際企業系,其他學校,備取10
140,113,64090467,劉*倫,,國立高雄科技大學,國立高雄科技大學國際企業系,其他學校,備取24
141,113,64090487,謝*哲,,國立高雄科技大學,國立高雄科技大學國際企業系,其他學校,備取22
142,113,64090523,*廷,,國立高雄科技大學,國立高雄科技大學國際企業系,其他學校,備取17
143,113,64090571,何*真,,國立高雄科技大學,國立高雄科技大學運籌管理系,其他學校,正取
144,113,65090019,陳*豪,,—,—,未顯示分發,
145,113,65090217,陳*甄,,—,—,未顯示分發,
146,113,65090238,洪*,,—,—,未顯示分發,
147,113,65090446,林*妤,,國立高雄科技大學,國立高雄科技大學運籌管理系,其他學校,正取
148,113,65090459,吳*,,—,—,未顯示分發,
149,113,66090149,張*瑄,,國立高雄科技大學,國立高雄科技大學航運管理系,其他學校,正取
150,113,66090233,林*有,,逢甲大學,逢甲大學國際經營與貿易學系,其他學校,備取8
151,113,67090119,楊*絜,,—,—,未顯示分發,
152,113,67090123,楊*,,國立高雄科技大學,國立高雄科技大學國際企業系,其他學校,正取
153,113,67090205,陳*薋,,—,—,未顯示分發,
154,113,67090251,黃*,,中原大學,中原大學國際經營與貿易學系,其他學校,備取1
155,113,67090279,吳*,,國立高雄科技大學,國立高雄科技大學行銷與流通管理系,其他學校,備取33
156,113,67090438,郭*婷,,—,—,未顯示分發,
157,113,68090146,楊*晴,,致理科技大學,致理科技大學國際貿易系,其他學校,正取
158,113,68090501,李*逸,,國立高雄科技大學,國立高雄科技大學風險管理與保險系,其他學校,備取1
159,113,69530002,余*瑜,,國立高雄科技大學,國立高雄科技大學應用日語系,其他學校,備取2
160,113,70090434,陳*宏,,國立高雄科技大學,國立高雄科技大學國際企業系,其他學校,備取15
161,113,70090657,童*婷,,—,—,未顯示分發,
162,113,70090797,喻*儒,,—,—,未顯示分發,
163,113,74090001,黃*伶,,—,—,未顯示分發,
164,114,74530010,劉*滎,正取,國立臺北商業大學,國立臺北商業大學國際商務系(臺北校區),其他學校,正取
165,114,56090348,林*軒,正取,國立臺中科技大學,國立臺中科技大學國際貿易與經營系,原系留任,正取
166,114,65530001,曹*珊,正取,國立臺中科技大學,國立臺中科技大學國際貿易與經營系,原系留任,正取
167,114,61090635,鄭*厶,正取,國立高雄科技大學,國立高雄科技大學國際企業系,其他學校,正取
168,114,57090805,董*汝,正取,國立臺中科技大學,國立臺中科技大學國際貿易與經營系,原系留任,正取
169,114,67090231,董*璇,正取,國立高雄科技大學,國立高雄科技大學國際企業系,其他學校,正取
170,114,64090495,廖*舷,正取,國立高雄科技大學,國立高雄科技大學航運管理系,其他學校,正取
171,114,57090190,高*婷,正取,國立臺北商業大學,國立臺北商業大學國際商務系(臺北校區),其他學校,備取6
172,114,54090261,梁*筑,正取,國立臺中科技大學,國立臺中科技大學國際貿易與經營系,原系留任,正取
173,114,74530023,陳*帆,正取,國立高雄科技大學,國立高雄科技大學國際企業系,其他學校,正取
174,114,67090191,吳*黛,正取,國立臺中科技大學,國立臺中科技大學國際貿易與經營系,原系留任,正取
175,114,68090693,李*寧,正取,國立高雄科技大學,國立高雄科技大學工業工程與管理系,其他學校,正取
176,114,68530010,郭*,正取,國立臺中科技大學,國立臺中科技大學國際貿易與經營系,原系留任,正取
177,114,69090117,湯*勳,正取,國立臺中科技大學,國立臺中科技大學國際貿易與經營系,原系留任,正取
178,114,52090202,廖*誼,正取,國立臺北科技大學,國立臺北科技大學經營管理系,其他學校,備取16
179,114,56090182,黃*,正取,國立臺中科技大學,國立臺中科技大學國際貿易與經營系,原系留任,正取
180,114,61091315,邱*,正取,國立臺中科技大學,國立臺中科技大學國際貿易與經營系,原系留任,正取
181,114,63090293,林*安,正取,國立臺中科技大學,國立臺中科技大學國際貿易與經營系,原系留任,正取
182,114,57090078,張*葳,正取,中原大學,中原大學國際經營與貿易學系,其他學校,備取3
183,114,64090027,陳*坐,正取,逢甲大學,逢甲大學國際經營與貿易學系,其他學校,正取
184,114,61091323,羅*筑,正取,逢甲大學,逢甲大學國際經營與貿易學系,其他學校,正取
185,114,61091729,*坐,正取,國立高雄科技大學,國立高雄科技大學航運管理系,其他學校,正取
186,114,61091603,李*翔,正取,國立高雄科技大學,國立高雄科技大學航運管理系,其他學校,正取
187,114,68090705,*霓,正取,國立臺北護理健康大學,國立臺北護理健康大學健康事業管理系,其他學校,正取
188,114,61090010,鄭*昀,正取,逢甲大學,逢甲大學國際經營與貿易學系,其他學校,備取1
189,114,58090173,陳*妮,正取,逢甲大學,逢甲大學國際經營與貿易學系,其他學校,正取
190,114,61091545,黃*萱,正取,國立臺中科技大學,國立臺中科技大學國際貿易與經營系,原系留任,正取
191,114,64090326,許*婷,正取,國立臺北護理健康大學,國立臺北護理健康大學資訊管理系,其他學校,備取3
192,114,57090957,陳*昀,正取,逢甲大學,逢甲大學國際經營與貿易學系,其他學校,正取
193,114,64090023,許*焴,正取,國立臺中科技大學,國立臺中科技大學國際貿易與經營系,原系留任,正取
194,114,61091303,陳*态,正取,國立臺中科技大學,國立臺中科技大學國際貿易與經營系,原系留任,正取
195,114,66090205,*柔,正取,國立高雄科技大學,國立高雄科技大學國際企業系,其他學校,正取
196,114,56090328,林*珈,正取,國立臺中科技大學,國立臺中科技大學國際貿易與經營系,原系留任,正取
197,114,61091701,吳*妍,正取,國立高雄科技大學,國立高雄科技大學航運管理系,其他學校,備取11
198,114,64090158,戴*琳,正取,國立臺中科技大學,國立臺中科技大學國際貿易與經營系,原系留任,正取
199,114,64090196,*潔,正取,國立臺中科技大學,國立臺中科技大學國際貿易與經營系,原系留任,正取
200,114,71090037,穆*翎,正取,國立高雄科技大學,國立高雄科技大學行銷與流通管理系,其他學校,正取
201,114,52090209,陳*楓,正取,國立臺中科技大學,國立臺中科技大學國際貿易與經營系,原系留任,正取
202,114,52090545,陳*涵,正取,國立臺灣海洋大學,國立臺灣海洋大學海洋經營管理學士學位學程,其他學校,正取
203,114,68530006,*蕾,正取,—,—,未顯示分發,
204,114,61091348,林*岑,正取,國立臺中科技大學,國立臺中科技大學國際貿易與經營系,原系留任,正取
205,114,70090657,郭*态,正取,國立高雄科技大學,國立高雄科技大學應用德語系,其他學校,正取
206,114,58090109,余*蓁,正取,國立臺中科技大學,國立臺中科技大學國際貿易與經營系,原系留任,正取
207,114,61091025,洪*态,正取,逢甲大學,逢甲大學國際經營與貿易學系,其他學校,正取
208,114,61090867,劉*妤,正取,國立臺中科技大學,國立臺中科技大學國際貿易與經營系,原系留任,正取
209,114,61091017,陳*,正取,國立臺中科技大學,國立臺中科技大學國際貿易與經營系,原系留任,正取
210,114,51090192,吳*臻,正取,國立臺中科技大學,國立臺中科技大學國際貿易與經營系,原系留任,正取
211,114,61091063,李*,正取,國立高雄科技大學,國立高雄科技大學航運管理系,其他學校,正取
212,114,67090219,陳*淩,正取,國立臺中科技大學,國立臺中科技大學國際貿易與經營系,原系留任,正取
213,114,58090113,鄭*,正取,國立高雄科技大學,國立高雄科技大學行銷與流通管理系,其他學校,正取
214,114,57090901,*亦,正取,國立臺中科技大學,國立臺中科技大學國際貿易與經營系,原系留任,正取
215,114,57091005,林*庭,正取,國立臺中科技大學,國立臺中科技大學國際貿易與經營系,原系留任,正取
216,114,59090282,徐*伶,正取,國立臺中科技大學,國立臺中科技大學國際貿易與經營系,原系留任,正取
217,114,63090138,洪*lan,正取,國立臺中科技大學,國立臺中科技大學國際貿易與經營系,原系留任,正取
218,114,75090121,張*柔,正取,國立臺中科技大學,國立臺中科技大學國際貿易與經營系,原系留任,正取
219,114,77090025,李*,正取,國立臺北科技大學,國立臺北科技大學經營管理系,其他學校,備取1
220,114,61090705,吳*萱,正取,國立臺中科技大學,國立臺中科技大學國際貿易與經營系,原系留任,正取
221,114,70090438,伍*瑄,備取1,國立高雄科技大學,國立高雄科技大學運籌管理系,其他學校,備取16
222,114,58090091,楊*屏,備取2,國立臺中科技大學,國立臺中科技大學國際貿易與經營系,原系留任,備取2
223,114,61090002,林*嫻,備取3,—,—,未顯示分發,
224,114,57090689,陳*蓁,備取4,國立臺中科技大學,國立臺中科技大學國際貿易與經營系,原系留任,備取4
225,114,52090541,*蕙,備取5,國立高雄科技大學,國立高雄科技大學運籌管理系,其他學校,正取
226,114,61090835,唐*淳,備取7,國立臺中科技大學,國立臺中科技大學國際貿易與經營系,原系留任,備取7
227,114,70090825,戴*苓,備取8,國立高雄科技大學,國立高雄科技大學國際企業系,其他學校,正取
228,114,54530002,詹*儒,備取9,國立高雄科技大學,國立高雄科技大學商務資訊應用系,其他學校,正取
229,114,57090062,宋*筠,備取10,銘傳大學,銘傳大學國際企業學系(台北校區),其他學校,備取3
230,114,66090429,李*藇,備取11,國立臺中科技大學,國立臺中科技大學國際貿易與經營系,原系留任,備取11
231,114,64090551,陸*,備取12,國立體育大學,國立體育大學休閒產業經營學系,其他學校,備取1
232,114,59090173,宋*凌,備取13,國立臺中科技大學,國立臺中科技大學國際貿易與經營系,原系留任,備取13
233,114,61090858,李*,備取14,國立臺中科技大學,國立臺中科技大學國際貿易與經營系,原系留任,備取14
234,114,67090075,賴*妤,備取15,國立高雄科技大學,國立高雄科技大學供應鏈管理系,其他學校,正取
235,114,61090579,李*臻,備取16,國立臺中科技大學,國立臺中科技大學國際貿易與經營系,原系留任,備取16
236,114,59090093,劉*卉,備取17,國立高雄科技大學,國立高雄科技大學行銷與流通管理系,其他學校,備取4
237,114,57090027,廖*萱,備取18,國立臺中科技大學,國立臺中科技大學國際貿易與經營系,原系留任,備取18
238,114,59090353,陳*妮,備取19,逢甲大學,逢甲大學國際經營與貿易學系,其他學校,備取5
239,114,65090152,江*蓁,備取20,國立臺中科技大學,國立臺中科技大學國際貿易與經營系,原系留任,備取20
240,114,64090104,邱*慈,備取21,國立臺中科技大學,國立臺中科技大學國際貿易與經營系,原系留任,備取21
241,114,68090341,*态,備取22,國立高雄科技大學,國立高雄科技大學人力資源發展系,其他學校,正取
242,114,57090874,*茜,備取23,國立臺中科技大學,國立臺中科技大學國際貿易與經營系,原系留任,備取23
243,114,63090413,林*婕,備取24,國立臺中科技大學,國立臺中科技大學國際貿易與經營系,原系留任,備取24
244,114,61091725,羅*媛,備取25,國立臺中科技大學,國立臺中科技大學國際貿易與經營系,原系留任,備取25
245,114,70090397,賴*妤,備取26,國立臺中科技大學,國立臺中科技大學國際貿易與經營系,原系留任,備取26
246,114,64090124,林*彤,備取27,國立臺中科技大學,國立臺中科技大學國際貿易與經營系,原系留任,備取27
247,114,57090785,楊*歆,備取28,國立臺中科技大學,國立臺中科技大學國際貿易與經營系,原系留任,備取28
248,114,68090062,李*,備取29,國立臺中科技大學,國立臺中科技大學國際貿易與經營系,原系留任,備取29
249,114,52090706,黃*維,備取30,國立臺中科技大學,國立臺中科技大學國際貿易與經營系,原系留任,備取30
250,114,59090132,彭*禎,備取32,國立臺中科技大學,國立臺中科技大學國際貿易與經營系,原系留任,備取32
251,114,68530082,陳*靚,備取33,國立高雄餐旅大學,國立高雄餐旅大學航空暨運輸服務管理系,其他學校,正取
252,114,59090313,鄒*耘,備取34,國立臺中科技大學,國立臺中科技大學國際貿易與經營系,原系留任,備取34
253,114,51090255,方*晴,備取35,國立臺中科技大學,國立臺中科技大學國際貿易與經營系,原系留任,備取35
254,114,52090301,*芩,備取36,國立臺中科技大學,國立臺中科技大學國際貿易與經營系,原系留任,備取36
255,114,52090550,潘*宏,備取37,國立臺中科技大學,國立臺中科技大學國際貿易與經營系,原系留任,備取37
256,114,61090820,*愷,備取38,國立臺中科技大學,國立臺中科技大學國際貿易與經營系,原系留任,備取38
257,114,58090072,張*芯,備取39,國立臺中科技大學,國立臺中科技大學國際貿易與經營系,原系留任,備取39
258,114,60090297,陳*銨,備取40,國立勤益科技大學,國立勤益科技大學行銷與流通管理系,其他學校,備取2
259,114,59090117,張*榛,備取41,銘傳大學,銘傳大學會計學系(台北校區),其他學校,正取
260,114,57090717,黃*筑,備取42,國立臺中科技大學,國立臺中科技大學國際貿易與經營系,原系留任,備取42
261,114,61090605,,備取43,—,—,未顯示分發,
262,114,64090396,間*英,備取44,—,—,未顯示分發,
263,114,57090013,賴*霆,備取45,—,—,未顯示分發,
264,114,52090177,鄭*,備取46,—,—,未顯示分發,
265,114,57090593,*仠,備取48,—,—,未顯示分發,
266,114,52090857,劉*儒,備取49,—,—,未顯示分發,
267,114,51530007,林*有,備取1,朝陽科技大學,朝陽科技大學企業管理系,其他學校,正取
268,114,77090021,林*禎,備取1,國立臺中科技大學,國立臺中科技大學國際貿易與經營系,原系留任,備取1
269,114,64090031,林*庭,備取1,國立高雄科技大學,國立高雄科技大學航運管理系,其他學校,正取
270,114,61091733,李*甄,備取2,國立臺中科技大學,國立臺中科技大學國際貿易與經營系,原系留任,備取2
271,114,52090298,李*瑋,備取3,銘傳大學,銘傳大學企業管理學系(台北校區),其他學校,備取7
272,114,66090129,劉*玲,備取5,—,—,未顯示分發,
273,114,51090004,林*榛,,靜宜大學,靜宜大學行銷與數位經營管理學系,其他學校,正取
274,114,51090067,謝*,,德明財經科技大學,德明財經科技大學財務金融系,其他學校,正取
275,114,51090172,黃*勛,,國立高雄科技大學,國立高雄科技大學行銷與流通管理系,其他學校,備取14
276,114,52090026,林*蕙,,國立臺北護理健康大學,國立臺北護理健康大學高齡健康照護系,其他學校,正取
277,114,52090089,林*宇,,銘傳大學,銘傳大學國際企業學系(台北校區),其他學校,備取10
278,114,52090174,劉*惠,,銘傳大學,銘傳大學國際企業學系(台北校區),其他學校,正取
279,114,52090211,黃*騰,,—,—,未顯示分發,
280,114,52090246,陳*妤,,國立高雄科技大學,國立高雄科技大學人力資源發展系,其他學校,正取
281,114,52090251,陳*涵,,中原大學,中原大學國際經營與貿易學系,其他學校,備取12
282,114,52090294,胡*芯,,國立臺北商業大學,國立臺北商業大學商業設計管理系(桃園校區),其他學校,備取1
283,114,52090377,吳*謙,,國立高雄科技大學,國立高雄科技大學航運技術系,其他學校,正取
284,114,52090582,梁*芳,,—,—,未顯示分發,
285,114,55090298,林*儀,,國立臺北護理健康大學,國立臺北護理健康大學健康事業管理系,其他學校,正取
286,114,55090362,盧*慈,,—,—,未顯示分發,
287,114,55090477,宋*穎,,—,—,未顯示分發,
288,114,56090196,陳*諭,,—,—,未顯示分發,
289,114,56090368,江*錡,,—,—,未顯示分發,
290,114,57090066,吳*芩,,國立臺北商業大學,國立臺北商業大學企業管理系(臺北校區),其他學校,正取
291,114,57090174,*晴,,—,—,未顯示分發,
292,114,57090921,黃*道,,國立高雄科技大學,國立高雄科技大學風險管理與保險系,其他學校,正取
293,114,57090953,林*臻,,中原大學,中原大學會計學系,其他學校,備取7
294,114,58090210,李*璇,,—,—,未顯示分發,
295,114,58090536,韓*軒,,國立雲林科技大學,國立雲林科技大學工業工程與管理系,其他學校,正取
296,114,59090178,鄭*婷,,—,—,未顯示分發,
297,114,59090397,李*俊,,—,—,未顯示分發,
298,114,61090549,廖*皓,,逢甲大學,逢甲大學土地管理學系,其他學校,正取
299,114,61090721,廖*,,—,—,未顯示分發,
300,114,61091079,翁*,,國立高雄科技大學,國立高雄科技大學金融系,其他學校,正取
301,114,61091247,何*蓁,,—,—,未顯示分發,
302,114,61091276,盧*靜,,—,—,未顯示分發,
303,114,61091553,張*芯,,—,—,未顯示分發,
304,114,61091597,陳*媛,,國立高雄科技大學,國立高雄科技大學航運管理系,其他學校,正取
305,114,61091605,徐*慈,,國立高雄科技大學,國立高雄科技大學航運管理系,其他學校,正取
306,114,61091625,童*筠,,—,—,未顯示分發,
307,114,63090045,陳*璇,,國立高雄科技大學,國立高雄科技大學供應鏈管理系,其他學校,正取
308,114,63090117,陳*榛,,國立臺北護理健康大學,國立臺北護理健康大學生死與健康心理諮商系,其他學校,正取
309,114,63090473,余*珮,,—,—,未顯示分發,
310,114,63090489,讼*岑,,—,—,未顯示分發,
311,114,64090059,吳*澤,,—,—,未顯示分發,
312,114,64090062,許*倫,,國立雲林科技大學,國立雲林科技大學資訊管理系,其他學校,備取2
313,114,64090105,黃*婷,,國立高雄科技大學,國立高雄科技大學航運技術系,其他學校,正取
314,114,64090213,張*銘,,國立高雄科技大學,國立高雄科技大學運籌管理系,其他學校,備取6
315,114,64090263,張*厶,,國立高雄科技大學,國立高雄科技大學航運管理系,其他學校,正取
316,114,64090295,李*吴,,—,—,未顯示分發,
317,114,64090299,*宸,,國立高雄科技大學,國立高雄科技大學航運管理系,其他學校,正取
318,114,64090403,黃*嘉,,國立高雄科技大學,國立高雄科技大學航運管理系,其他學校,備取4
319,114,64090486,洪*琳,,國立高雄科技大學,國立高雄科技大學航運管理系,其他學校,正取
320,114,65090030,戴*靜,,國立高雄科技大學,國立高雄科技大學運籌管理系,其他學校,備取4
321,114,65090086,楊*珊,,—,—,未顯示分發,
322,114,67090323,鄭*蓁,,國立高雄科技大學,國立高雄科技大學航運管理系,其他學校,備取5
323,114,68090074,*蓁,,—,—,未顯示分發,
324,114,68090084,李*珊,,國立屏東大學,國立屏東大學財務金融學系,其他學校,正取
325,114,68090126,陳*沂,,國立雲林科技大學,國立雲林科技大學工業工程與管理系,其他學校,正取
326,114,68090154,廖*誼,,國立高雄科技大學,國立高雄科技大學航運管理系,其他學校,正取
327,114,68090258,*箏,,—,—,未顯示分發,
328,114,68530003,郭*倚,,國立高雄科技大學,國立高雄科技大學金融系,其他學校,備取2
329,114,68530050,江*君,,國立高雄科技大學,國立高雄科技大學國際企業系,其他學校,正取
330,114,70090765,李*熙,,國立高雄科技大學,國立高雄科技大學國際企業系,其他學校,正取
331,114,70090797,曹*安,,—,—,未顯示分發,
332,114,70090909,楊*霓,,國立高雄科技大學,國立高雄科技大學航運管理系,其他學校,備取7
333,114,74090147,陳*𠎀,,國立臺北商業大學,國立臺北商業大學財政稅務系(臺北校區),其他學校,正取
334,114,75090006,朱*慈,,朝陽科技大學,朝陽科技大學保險金融管理系,其他學校,正取
335,114,75090108,*儿,,國立高雄科技大學,國立高雄科技大學金融系,其他學校,備取2
336,115,53090052,黃*熏,正取,國立雲林科技大學,國立雲林科技大學國際管理學士學位學程,其他學校,正取
337,115,59090121,邱*妍,正取,國立臺北商業大學,國立臺北商業大學國際商務系(臺北校區),其他學校,正取
338,115,68090514,楊*柔,正取,國立高雄科技大學,國立高雄科技大學航運管理系,其他學校,正取
339,115,64090300,陳*涵,正取,國立臺中科技大學,國立臺中科技大學國際貿易與經營系,原系留任,正取
340,115,57090777,何*靚,正取,國立臺中科技大學,國立臺中科技大學國際貿易與經營系,原系留任,正取
341,115,64090224,間*妘,正取,國立臺中科技大學,國立臺中科技大學國際貿易與經營系,原系留任,正取
342,115,61090130,張*茗,正取,國立高雄科技大學,國立高雄科技大學國際企業系,其他學校,正取
343,115,61090140,方*菲,正取,國立臺中科技大學,國立臺中科技大學國際貿易與經營系,原系留任,正取
344,115,64090409,單*喧,正取,國立高雄科技大學,國立高雄科技大學航運管理系,其他學校,正取
345,115,61090336,薛*安,正取,—,—,未顯示分發,
346,115,61090739,*慈,正取,逢甲大學,逢甲大學會計學系,其他學校,正取
347,115,60090324,張*淩,正取,國立臺中科技大學,國立臺中科技大學國際貿易與經營系,原系留任,正取
348,115,64090411,張*雅,正取,逢甲大學,逢甲大學國際經營與貿易學系,其他學校,正取
349,115,61090766,*蓁,正取,逢甲大學,逢甲大學國際經營與貿易學系,其他學校,正取
350,115,61090168,*溱,正取,國立臺中科技大學,國立臺中科技大學國際貿易與經營系,原系留任,正取
351,115,64090387,林*慈,正取,逢甲大學,逢甲大學國際經營與貿易學系,其他學校,正取
352,115,64090433,蔣*卉,正取,國立臺中科技大學,國立臺中科技大學國際貿易與經營系,原系留任,正取
353,115,61091190,李*鈺,正取,國立臺中科技大學,國立臺中科技大學國際貿易與經營系,原系留任,正取
354,115,56090427,邱*慧,正取,國立臺中科技大學,國立臺中科技大學國際貿易與經營系,原系留任,正取
355,115,64090478,林*蓁,正取,國立臺中科技大學,國立臺中科技大學國際貿易與經營系,原系留任,正取
356,115,61090652,洪*菱,正取,—,—,未顯示分發,
357,115,57090685,*慧,正取,中原大學,中原大學國際經營與貿易學系,其他學校,正取
358,115,64090482,柯*萱,正取,國立高雄科技大學,國立高雄科技大學航運管理系,其他學校,備取1
359,115,63090228,林*羽,正取,國立臺中科技大學,國立臺中科技大學國際貿易與經營系,原系留任,正取
360,115,52090366,賴*穎,正取,—,—,未顯示分發,
361,115,57090565,陳*卉,正取,國立臺中科技大學,國立臺中科技大學國際貿易與經營系,原系留任,正取
362,115,55090293,許*瑀,正取,國立臺中科技大學,國立臺中科技大學國際貿易與經營系,原系留任,正取
363,115,61090012,顏*芳,正取,國立臺中科技大學,國立臺中科技大學國際貿易與經營系,原系留任,正取
364,115,61090882,鄒*渝,正取,國立臺中科技大學,國立臺中科技大學國際貿易與經營系,原系留任,正取
365,115,65090131,賴*愷,正取,國立臺中科技大學,國立臺中科技大學國際貿易與經營系,原系留任,正取
366,115,61090352,郭*慷,正取,國立虎尾科技大學,國立虎尾科技大學資訊管理系,其他學校,備取1
367,115,62090017,黃*蓉,正取,國立高雄科技大學,國立高雄科技大學國際企業系,其他學校,正取
368,115,58090531,李*萱,正取,國立臺中科技大學,國立臺中科技大學國際貿易與經營系,原系留任,正取
369,115,61090076,陳*錡,正取,國立臺中科技大學,國立臺中科技大學國際貿易與經營系,原系留任,正取
370,115,57090815,徐*豪,正取,國立臺中科技大學,國立臺中科技大學國際貿易與經營系,原系留任,正取
371,115,62090107,劉*汝,正取,國立臺中科技大學,國立臺中科技大學國際貿易與經營系,原系留任,正取
372,115,62090045,花*,正取,國立臺中科技大學,國立臺中科技大學國際貿易與經營系,原系留任,正取
373,115,59090085,吳*泓,正取,國立高雄科技大學,國立高雄科技大學資訊管理系,其他學校,備取5
374,115,64090480,柯*熏,正取,國立高雄科技大學,國立高雄科技大學運籌管理系,其他學校,正取
375,115,56090378,江*蓁,正取,國立臺中科技大學,國立臺中科技大學國際貿易與經營系,原系留任,正取
376,115,59090141,陳*樂,正取,國立高雄科技大學,國立高雄科技大學人力資源發展系,其他學校,正取
377,115,61090586,林*誼,正取,國立高雄科技大學,國立高雄科技大學航運管理系,其他學校,正取
378,115,55090525,陳*蓉,正取,國立臺中科技大學,國立臺中科技大學國際貿易與經營系,原系留任,正取
379,115,64090403,鄭*榛,正取,國立臺中科技大學,國立臺中科技大學國際貿易與經營系,原系留任,正取
380,115,59090012,黃*渝,正取,國立高雄科技大學,國立高雄科技大學國際企業系,其他學校,正取
381,115,57090858,*鋐,正取,逢甲大學,逢甲大學國際經營與貿易學系,其他學校,備取7
382,115,58090211,鄭*妤,正取,國立臺中科技大學,國立臺中科技大學國際貿易與經營系,原系留任,正取
383,115,61091390,*祐,正取,國立臺中科技大學,國立臺中科技大學國際貿易與經營系,原系留任,正取
384,115,61090418,賴*歆,正取,國立臺中科技大學,國立臺中科技大學國際貿易與經營系,原系留任,正取
385,115,64090201,洪*芯,正取,逢甲大學,逢甲大學經濟學系,其他學校,備取4
386,115,57090651,張*稚,正取,國立臺中科技大學,國立臺中科技大學國際貿易與經營系,原系留任,正取
387,115,67090260,蕭*諺,正取,國立高雄科技大學,國立高雄科技大學航運管理系,其他學校,正取
388,115,74090067,潘*芷,正取,國立屏東大學,國立屏東大學國際經營與貿易學系,其他學校,備取1
389,115,68090492,何*倢,正取,國立臺中科技大學,國立臺中科技大學國際貿易與經營系,原系留任,正取
390,115,78090018,陳*錤,正取,國立臺中科技大學,國立臺中科技大學國際貿易與經營系,原系留任,正取
391,115,57090962,謝*,正取,國立臺中科技大學,國立臺中科技大學國際貿易與經營系,原系留任,正取
392,115,65090204,吳*瑜,正取,國立臺中科技大學,國立臺中科技大學國際貿易與經營系,原系留任,正取
393,115,68090539,杜*惠,備取1,國立高雄科技大學,國立高雄科技大學金融系,其他學校,備取30
394,115,67090286,吳*諺,備取2,—,—,未顯示分發,
395,115,73090110,楊*沛,備取3,國立臺中科技大學,國立臺中科技大學國際貿易與經營系,原系留任,備取3
396,115,65090284,陳*方,備取4,逢甲大學,逢甲大學國際經營與貿易學系,其他學校,備取9
397,115,55090002,吳*叡,備取5,國立臺中科技大學,國立臺中科技大學國際貿易與經營系,原系留任,備取5
398,115,61090578,謝*丞,備取7,國立臺中科技大學,國立臺中科技大學國際貿易與經營系,原系留任,備取7
399,115,57090102,劉*睿,備取8,國立高雄科技大學,國立高雄科技大學運籌管理系,其他學校,備取4
400,115,62090019,陳*安,備取9,逢甲大學,逢甲大學國際經營與貿易學系,其他學校,備取10
401,115,57090823,陳*蓁,備取10,國立高雄科技大學,國立高雄科技大學航運管理系,其他學校,備取12
402,115,61090134,陳*昕,備取11,國立臺中科技大學,國立臺中科技大學國際貿易與經營系,原系留任,備取11
403,115,61091172,*晏,備取12,國立臺中科技大學,國立臺中科技大學國際貿易與經營系,原系留任,備取12
404,115,59090330,劉*,備取13,國立臺中科技大學,國立臺中科技大學國際貿易與經營系,原系留任,備取13
405,115,64090519,黃*婷,備取14,國立臺中科技大學,國立臺中科技大學國際貿易與經營系,原系留任,備取14
406,115,61090208,陳*潔,備取15,國立臺中科技大學,國立臺中科技大學國際貿易與經營系,原系留任,備取15
407,115,57090942,林*涵,備取16,國立高雄科技大學,國立高雄科技大學供應鏈管理系,其他學校,正取
408,115,69090105,林*如,備取17,國立高雄科技大學,國立高雄科技大學智慧商務系,其他學校,正取
409,115,65090051,張*宜,備取18,靜宜大學,靜宜大學法律學系,其他學校,正取
410,115,61090626,蕭*宜,備取19,國立臺中科技大學,國立臺中科技大學國際貿易與經營系,原系留任,備取19
411,115,61090221,劉*玫,備取20,國立臺中科技大學,國立臺中科技大學國際貿易與經營系,原系留任,備取20
412,115,61090534,蕭*瑾,備取21,國立臺中科技大學,國立臺中科技大學國際貿易與經營系,原系留任,備取21
413,115,68090394,*姿,備取22,國立臺中科技大學,國立臺中科技大學國際貿易與經營系,原系留任,備取22
414,115,57530061,黃*羽,備取23,國立高雄科技大學,國立高雄科技大學國際企業系,其他學校,正取
415,115,67090226,蕭*馨,備取24,國立臺中科技大學,國立臺中科技大學國際貿易與經營系,原系留任,備取24
416,115,58090076,陳*,備取25,國立臺中科技大學,國立臺中科技大學國際貿易與經營系,原系留任,備取25
417,115,61090570,胡*瑜,備取26,國立勤益科技大學,國立勤益科技大學資訊管理系,其他學校,正取
418,115,67090248,李*穎,備取27,國立虎尾科技大學,國立虎尾科技大學工業管理系,其他學校,備取7
419,115,64090241,李*宸,備取29,國立臺中科技大學,國立臺中科技大學國際貿易與經營系,原系留任,備取29
420,115,61090890,*琪,備取30,國立臺中科技大學,國立臺中科技大學國際貿易與經營系,原系留任,備取30
421,115,57090862,陳*臻,備取31,國立臺中科技大學,國立臺中科技大學國際貿易與經營系,原系留任,備取31
422,115,53090168,莊*玲,備取32,國立臺北護理健康大學,國立臺北護理健康大學健康事業管理系,其他學校,正取
423,115,67090061,黃*律,備取33,國立勤益科技大學,國立勤益科技大學資訊管理系,其他學校,備取5
424,115,61090410,*菲,備取34,國立臺中科技大學,國立臺中科技大學國際貿易與經營系,原系留任,備取34
425,115,59090315,*翔,備取35,國立臺中科技大學,國立臺中科技大學國際貿易與經營系,原系留任,備取35
426,115,59090023,陳*希,備取36,國立臺中科技大學,國立臺中科技大學國際貿易與經營系,原系留任,備取36
427,115,61090256,張*嘉,備取37,國立臺中科技大學,國立臺中科技大學國際貿易與經營系,原系留任,備取37
428,115,61090580,陳*倪,備取38,國立高雄科技大學,國立高雄科技大學智慧商務系,其他學校,備取6
429,115,70090891,歐*哲,備取39,國立臺中科技大學,國立臺中科技大學國際貿易與經營系,原系留任,備取39
430,115,61090416,鄭*妘,備取40,—,—,未顯示分發,
431,115,65090214,張*程,備取42,國立虎尾科技大學,國立虎尾科技大學工業管理系,其他學校,備取8
432,115,59530008,林*安,備取43,—,—,未顯示分發,
433,115,52090125,涂*禎,備取44,銘傳大學,銘傳大學國際企業學系(台北校區),其他學校,正取
434,115,59090243,徐*妘,備取45,國立高雄科技大學,國立高雄科技大學應用英語系,其他學校,正取
435,115,53090040,林*彣,備取46,國立高雄科技大學,國立高雄科技大學文化創意產業系,其他學校,備取1
436,115,54090454,胡*睿,備取47,—,—,未顯示分發,
437,115,52090370,陳*瑜,備取48,—,—,未顯示分發,
438,115,55090199,張*祁,備取49,—,—,未顯示分發,
439,115,56090198,柯*杰,備取50,—,—,未顯示分發,
440,115,68530062,許*悠,備取51,國立高雄科技大學,國立高雄科技大學應用德語系,其他學校,備取2
441,115,64090160,吳*,備取52,國立高雄科技大學,國立高雄科技大學國際企業系,其他學校,備取16
442,115,68090634,黃*勻,備取53,國立高雄科技大學,國立高雄科技大學應用英語系,其他學校,正取
443,115,64090172,許*翔,備取54,—,—,未顯示分發,
444,115,78090015,劉*𡢃,備取1,致理科技大學,致理科技大學企業管理系,其他學校,正取
445,115,55090483,林*,備取1,國立臺中科技大學,國立臺中科技大學國際貿易與經營系,原系留任,備取1
446,115,51090253,南*源,備取2,國立臺中科技大學,國立臺中科技大學國際貿易與經營系,原系留任,備取2
447,115,52090133,陳*余,,中原大學,中原大學資訊管理學系,其他學校,備取5
448,115,52090482,*均,,—,—,未顯示分發,
449,115,54090378,吳*銓,,—,—,未顯示分發,
450,115,55090331,黃*媗,,—,—,未顯示分發,
451,115,55090337,劉*岑,,銘傳大學,銘傳大學國際企業學系(台北校區),其他學校,備取1
452,115,55090366,張*瑜,,國立臺北商業大學,國立臺北商業大學國際商務系(臺北校區),其他學校,正取
453,115,57090049,陳*态,,—,—,未顯示分發,
454,115,57090169,吳*瑜,,中原大學,中原大學國際經營與貿易學系,其他學校,正取
455,115,57090197,彭*偉,,—,—,未顯示分發,
456,115,57090363,吳*,,國立高雄科技大學,國立高雄科技大學金融系,其他學校,備取19
457,115,57090478,許*瑜,,國立臺北商業大學,國立臺北商業大學國際商務系(臺北校區),其他學校,正取
458,115,57090689,楊*琪,,—,—,未顯示分發,
459,115,57090829,陳*妤,,國立高雄科技大學,國立高雄科技大學航運管理系,其他學校,正取
460,115,57090957,黃*婕,,—,—,未顯示分發,
461,115,58090001,何*歆,,—,—,未顯示分發,
462,115,58090036,陳*慈,,—,—,未顯示分發,
463,115,58090249,*愷,,—,—,未顯示分發,
464,115,59090101,許*嘉,,—,—,未顯示分發,
465,115,59090157,楊*嫻,,—,—,未顯示分發,
466,115,59090334,戴*綸,,—,—,未顯示分發,
467,115,59090419,古*豪,,—,—,未顯示分發,
468,115,61090005,賴*暄,,逢甲大學,逢甲大學會計學系,其他學校,備取11
469,115,61090238,郭*福,,—,—,未顯示分發,
470,115,61090294,魏*玲,,—,—,未顯示分發,
471,115,61090356,石*,,逢甲大學,逢甲大學國際經營與貿易學系,其他學校,備取3
472,115,61090433,林*妍,,國立高雄科技大學,國立高雄科技大學航運管理系,其他學校,備取8
473,115,61090461,陳*庭,,—,—,未顯示分發,
474,115,61090686,歐*妘,,—,—,未顯示分發,
475,115,61091046,林*義,,逢甲大學,逢甲大學會計學系,其他學校,備取8
476,115,61091506,林*妤,,—,—,未顯示分發,
477,115,64090037,林*态,,—,—,未顯示分發,
478,115,64090375,蕭*潔,,國立高雄科技大學,國立高雄科技大學運籌管理系,其他學校,正取
479,115,64090379,黃*涵,,國立高雄科技大學,國立高雄科技大學航運管理系,其他學校,正取
480,115,64090407,江*妍,,—,—,未顯示分發,
481,115,64090492,*婷,,—,—,未顯示分發,
482,115,65090180,賴*叡,,國立高雄科技大學,國立高雄科技大學行銷與流通管理系,其他學校,正取
483,115,65090226,曹*洳,,國立高雄科技大學,國立高雄科技大學運籌管理系,其他學校,正取
484,115,65090300,*茜,,國立高雄科技大學,國立高雄科技大學會計資訊系,其他學校,備取38
485,115,67090184,楊*珊,,國立高雄科技大學,國立高雄科技大學航運管理系,其他學校,正取
486,115,68090165,吳*态,,—,—,未顯示分發,
487,115,68090197,黃*倫,,—,—,未顯示分發,
488,115,68090257,李*錡,,—,—,未顯示分發,
489,115,68090400,鄭*卉,,—,—,未顯示分發,
490,115,68090488,盧*瑄,,—,—,未顯示分發,
491,115,68090500,梅*婕,,國立屏東大學,國立屏東大學行銷與流通管理學系,其他學校,正取
492,115,68090524,郭*宏,,國立高雄科技大學,國立高雄科技大學商務資訊應用系,其他學校,正取
493,115,68090544,黃*婷,,國立高雄科技大學,國立高雄科技大學國際企業系,其他學校,正取
494,115,68090545,劉*均,,國立高雄餐旅大學,國立高雄餐旅大學航空暨運輸服務管理系,其他學校,正取
495,115,70090121,吳*樺,,—,—,未顯示分發,
496,115,70090274,*庭,,—,—,未顯示分發,
497,115,70090411,郭*呈,,—,—,未顯示分發,
498,115,70090501,陳*宇,,國立高雄科技大學,國立高雄科技大學航運管理系,其他學校,備取17
499,115,70090632,許*,,國立高雄科技大學,國立高雄科技大學人力資源發展系,其他學校,備取16
500,115,70090658,施*态,,國立雲林科技大學,國立雲林科技大學國際管理學士學位學程,其他學校,正取
501,115,70090767,吳*慈,,—,—,未顯示分發,
502,115,70090885,陳*安,,國立高雄科技大學,國立高雄科技大學財政稅務系,其他學校,備取6
503,115,74530023,商*瑜,,僑光科技大學,僑光科技大學國際貿易系,其他學校,正取
504,115,74530031,蘇*毓,,文藻外語大學,文藻外語大學國際企業管理系,其他學校,正取
